{
  "kit-name": "Crashlytics",
  "kit-version": "3.6.0",
  "features": [
    {
      "steps": [
        {
          "languages": {
            "objc": {
              "html": "<!DOCTYPE html>\n<html>\n<head>\n  <meta charset=\"UTF-8\"/>\n\n  <title>Force a Crash — Step 1</title>\n  <link href='http://fonts.googleapis.com/css?family=Roboto:400,700italic,700,500italic,500,400italic,300italic,300,100italic,100' rel='stylesheet' type='text/css'>\n\n  <style type=\"text/css\">\n    .weight-thin {\n      font-family: 'Roboto Thin', 'Roboto-Thin', 'Roboto';\n      font-weight: 100;\n    }\n\n    .weight-light {\n      font-family: 'Roboto Light', 'Roboto-Light', 'Roboto';\n      font-weight: 300;\n    }\n\n    .weight-bold, b, strong, h4, .weight-light strong, .weight-light b {\n      font-family: 'Roboto-Bold', 'Roboto';\n      font-weight: bold;\n    }\n\n    body {\n      font-family: 'Roboto';\n      background-color: #fff;\n      color: #2e3345;\n      font-size: 14px;\n      margin: 0;\n      padding: 20px;\n    }\n\n    a {\n      text-decoration: none;\n    }\n\n    .step-title {\n      color: #9dacba;\n      text-transform: uppercase;\n      font-size: 12px;\n      line-height: 1;\n      margin: 0 0 8px 0;\n      letter-spacing: 1px;\n    }\n\n    .strike {\n      background-color: #ffb2b2;\n    }\n\n    .article {\n      margin: 10px 0;\n    }\n\n    .article p {\n      line-height: 1.5;\n      margin: 0 0 15px;\n    }\n\n    .article ul {\n      padding: 0 2em;\n      margin: 15px 0;\n    }\n\n    .article li {\n      line-height: 22px;\n      margin: 0 0 0.5em;\n    }\n\n    .article ul li {\n      padding: 0;\n      list-style-type: none;\n    }\n\n    .article ul li:before {\n      content: \"•\";\n      font-size: 160%;\n      line-height: 24px;\n      position: absolute;\n      margin-left: -0.65em;\n    }\n\n    .article a {\n      color: #4d92df;\n    }\n\n    .article a:hover {\n      color: #4d92df;\n      text-decoration: underline;\n    }\n\n    .article a:visited {\n      color: #4d92df;\n    }\n\n    .article img {\n      display: block;\n      margin: 0 auto;\n      max-width: 95%;\n      width: auto;\n    }\n\n    h1 {\n      margin: 0 0 20px;\n      font-size: 28px;\n      line-height: 1;\n    }\n\n    .android h1 {\n      font-family: 'Roboto-Thin';\n    }\n\n    h2 {\n      margin: 30px 0 10px 0;\n      font-size: 14px;\n    }\n\n    h3.step {\n      font-weight: bold;\n      color: #c0cedb;\n      margin-right: .5em;\n    }\n\n    h4 {\n      margin: 20px 0 5px;\n    }\n\n    pre {\n      font-size: 12px;\n      font-family: 'Menlo', 'Roboto Mono', monospace;\n      padding: 10px;\n      margin: 0 -10px;\n      background: #eff0f2;\n      color: #8b8b90;\n      line-height: 1.1;\n      overflow: hidden;\n    }\n\n    .highlight {\n      background-color: #bfd4eb;\n      color: #807b8f;\n      text-decoration: none;\n    }\n\n    a:hover .highlight {\n      background-color: #284861;\n      color: #c6c7c7;\n    }\n\n    a:active .highlight {\n      background-color: #284861;\n      color: #ddd;      \n    }\n\n    .copy-link-above {\n      padding-top: 36px;\n      position: relative;\n      background-position: top center;\n    }\n\n    .copy-link-above.left {\n      background-position: top left;\n      /* make sure we're wide enough for the whole image */\n      padding-right: 100px;\n      margin-right: -100px;\n    }\n\n    .copy-link-below {\n      padding-bottom: 36px;\n      position: relative;\n      background-position: bottom center;\n    }\n\n    .copy-link-below.left {\n      background-position: bottom left;\n      /* make sure we're wide enough for the whole image */\n      padding-right: 100px;\n      margin-right: -100px;\n    }\n\n    a:hover .copy-link-above, a:hover .copy-link-below, .copy-link-preload {\n      background-image: url(https://kits.fabric.io/assets/kft/click-to-copy.png);\n      background-repeat: no-repeat;\n      z-index: 1;\n    }\n\n    .navigation {\n      background-color: #fff;\n      position: fixed;\n      bottom: 0;\n      left: 0;\n      right: 0;\n      border-top: 1px solid #dfdfe8;\n      padding: 20px;\n    }\n\n    .navigation a {\n      color: #4d92df;\n      border: 1px solid #e5e5e5;\n      border-radius: 10px;\n      padding: 8px 12px;\n    }\n  </style>\n</head>\n<body class=\"weight-light\">\n  <div class=\"weight-bold step-title\">Step 1 of 2</div>\n  <h1 class=\"weight-thin\">Call the crash method</h1>\n\n  <div class=\"article\">\n  <h2 id=\"toc_0\">Features</h2>\n<p>Why should you have to remember complicated commands and parameters?</p>\n<p>Store your configuration in a text file to easily test, build, and deploy from <em>any</em> computer.</p>\n<p><a href=\"https://github.com/fastlane/examples\">Take a look at how Wikipedia and Product Hunt use <code>fastlane</code></a>.</p>\n<p>Define different environments (<code>lanes</code>) in your <code>Fastfile</code>: Examples are: <code>appstore</code>, <code>beta</code> and <code>test</code>.</p>\n<p>You define a <code>lane</code> like this (more details about the commands in the <a href=\"https://github.com/fastlane/fastlane/blob/master/docs/Actions.md\">Actions</a>documentation):</p>\n<div><pre><code class=\"language-ruby\">lane :appstore do\nincrement_build_number\ncocoapods\nscan\nsnapshot\nsigh\ndeliver\nsh &quot;./customScript.sh&quot;\nslack\nend</code></pre></div>\n<p>To launch the <code>appstore</code> lane, just run:</p>\n<div><pre><code class=\"language-bash\">fastlane appstore</code></pre></div>  <p>Add a button to your view that calls <code>[[Crashlytics sharedInstance] crash]</code> when\nit’s pressed. You can paste in this button implementation, or just add the <code>crash</code>\ncall to an existing action.</p>\n\n  </div>\n\n    <h2 class=\"weight-bold\">ViewController.m</h2>\n\n    <pre>#import &quot;ViewController.h&quot;\n<a href=\"#highlight-0\"><span class=\"copy-link-below \"><span class=\"highlight\">#import &lt;Crashlytics/Crashlytics.h&gt;</span></span><span class=\"highlight\">\n</span></a>\n@implementation ViewController\n\n- (void)viewDidLoad {\n    [super viewDidLoad];\n\n    // Do any additional setup after loading the view, typically from a nib.    \n<a href=\"#highlight-1\"><span class=\"copy-link-above \"><span class=\"highlight\">    UIButton* button = [UIButton buttonWithType:UIButtonTypeRoundedRect];</span></span><span class=\"highlight\">\n    button.frame = CGRectMake(20, 50, 100, 30);\n    [button setTitle:@&quot;Crash&quot; forState:UIControlStateNormal];\n    [button addTarget:self action:@selector(crashButtonTapped:) forControlEvents:UIControlEventTouchUpInside];\n    [self.view addSubview:button];\n</span></a>}\n\n<a href=\"#highlight-2\"><span class=\"copy-link-above \"><span class=\"highlight\">- (IBAction)crashButtonTapped:(id)sender {</span></span><span class=\"highlight\">\n    [[Crashlytics sharedInstance] crash];\n}\n</span></a>\n\n@end\n</pre>\n\n\n  <span class=\"copy-link-preload\"></span>\n</body>\n</html>\n",
              "snippets": [
                "#import <Crashlytics/Crashlytics.h>\n",
                "    UIButton* button = [UIButton buttonWithType:UIButtonTypeRoundedRect];\n    button.frame = CGRectMake(20, 50, 100, 30);\n    [button setTitle:@\"Crash\" forState:UIControlStateNormal];\n    [button addTarget:self action:@selector(crashButtonTapped:) forControlEvents:UIControlEventTouchUpInside];\n    [self.view addSubview:button];\n",
                "- (IBAction)crashButtonTapped:(id)sender {\n    [[Crashlytics sharedInstance] crash];\n}\n"
              ]
            },
            "swift": {
              "html": "<!DOCTYPE html>\n<html>\n<head>\n  <meta charset=\"UTF-8\"/>\n\n  <title>Force a Crash — Step 1</title>\n  <link href='http://fonts.googleapis.com/css?family=Roboto:400,700italic,700,500italic,500,400italic,300italic,300,100italic,100' rel='stylesheet' type='text/css'>\n\n  <style type=\"text/css\">\n    .weight-thin {\n      font-family: 'Roboto Thin', 'Roboto-Thin', 'Roboto';\n      font-weight: 100;\n    }\n\n    .weight-light {\n      font-family: 'Roboto Light', 'Roboto-Light', 'Roboto';\n      font-weight: 300;\n    }\n\n    .weight-bold, b, strong, h4, .weight-light strong, .weight-light b {\n      font-family: 'Roboto-Bold', 'Roboto';\n      font-weight: bold;\n    }\n\n    body {\n      font-family: 'Roboto';\n      background-color: #fff;\n      color: #2e3345;\n      font-size: 14px;\n      margin: 0;\n      padding: 20px;\n    }\n\n    a {\n      text-decoration: none;\n    }\n\n    .step-title {\n      color: #9dacba;\n      text-transform: uppercase;\n      font-size: 12px;\n      line-height: 1;\n      margin: 0 0 8px 0;\n      letter-spacing: 1px;\n    }\n\n    .strike {\n      background-color: #ffb2b2;\n    }\n\n    .article {\n      margin: 10px 0;\n    }\n\n    .article p {\n      line-height: 1.5;\n      margin: 0 0 15px;\n    }\n\n    .article ul {\n      padding: 0 2em;\n      margin: 15px 0;\n    }\n\n    .article li {\n      line-height: 22px;\n      margin: 0 0 0.5em;\n    }\n\n    .article ul li {\n      padding: 0;\n      list-style-type: none;\n    }\n\n    .article ul li:before {\n      content: \"•\";\n      font-size: 160%;\n      line-height: 24px;\n      position: absolute;\n      margin-left: -0.65em;\n    }\n\n    .article a {\n      color: #4d92df;\n    }\n\n    .article a:hover {\n      color: #4d92df;\n      text-decoration: underline;\n    }\n\n    .article a:visited {\n      color: #4d92df;\n    }\n\n    .article img {\n      display: block;\n      margin: 0 auto;\n      max-width: 95%;\n      width: auto;\n    }\n\n    h1 {\n      margin: 0 0 20px;\n      font-size: 28px;\n      line-height: 1;\n    }\n\n    .android h1 {\n      font-family: 'Roboto-Thin';\n    }\n\n    h2 {\n      margin: 30px 0 10px 0;\n      font-size: 14px;\n    }\n\n    h3.step {\n      font-weight: bold;\n      color: #c0cedb;\n      margin-right: .5em;\n    }\n\n    h4 {\n      margin: 20px 0 5px;\n    }\n\n    pre {\n      font-size: 12px;\n      font-family: 'Menlo', 'Roboto Mono', monospace;\n      padding: 10px;\n      margin: 0 -10px;\n      background: #eff0f2;\n      color: #8b8b90;\n      line-height: 1.1;\n      overflow: hidden;\n    }\n\n    .highlight {\n      background-color: #bfd4eb;\n      color: #807b8f;\n      text-decoration: none;\n    }\n\n    a:hover .highlight {\n      background-color: #284861;\n      color: #c6c7c7;\n    }\n\n    a:active .highlight {\n      background-color: #284861;\n      color: #ddd;      \n    }\n\n    .copy-link-above {\n      padding-top: 36px;\n      position: relative;\n      background-position: top center;\n    }\n\n    .copy-link-above.left {\n      background-position: top left;\n      /* make sure we're wide enough for the whole image */\n      padding-right: 100px;\n      margin-right: -100px;\n    }\n\n    .copy-link-below {\n      padding-bottom: 36px;\n      position: relative;\n      background-position: bottom center;\n    }\n\n    .copy-link-below.left {\n      background-position: bottom left;\n      /* make sure we're wide enough for the whole image */\n      padding-right: 100px;\n      margin-right: -100px;\n    }\n\n    a:hover .copy-link-above, a:hover .copy-link-below, .copy-link-preload {\n      background-image: url(https://kits.fabric.io/assets/kft/click-to-copy.png);\n      background-repeat: no-repeat;\n      z-index: 1;\n    }\n\n    .navigation {\n      background-color: #fff;\n      position: fixed;\n      bottom: 0;\n      left: 0;\n      right: 0;\n      border-top: 1px solid #dfdfe8;\n      padding: 20px;\n    }\n\n    .navigation a {\n      color: #4d92df;\n      border: 1px solid #e5e5e5;\n      border-radius: 10px;\n      padding: 8px 12px;\n    }\n  </style>\n</head>\n<body class=\"weight-light\">\n  <div class=\"weight-bold step-title\">Step 1 of 2</div>\n  <h1 class=\"weight-thin\">Call the crash method</h1>\n\n  <div class=\"article\">\n    <p>Add a button to your view that calls <code>Crashlytics.sharedInstance().crash()</code> when\nit’s pressed. You can paste in this button implementation, or just add the <code>crash</code>\ncall to an existing action.</p>\n\n  </div>\n\n    <h2 class=\"weight-bold\">ViewController.swift</h2>\n\n    <pre>import UIKit\n<a href=\"#highlight-0\"><span class=\"copy-link-below \"><span class=\"highlight\">import Crashlytics</span></span><span class=\"highlight\">\n</span></a>\nclass ViewController: UIViewController {\n\n    override func viewDidLoad() {\n        super.viewDidLoad()\n\n        // Do any additional setup after loading the view, typically from a nib.\n<a href=\"#highlight-1\"><span class=\"copy-link-above \"><span class=\"highlight\">        let button = UIButton(type: UIButtonType.RoundedRect)</span></span><span class=\"highlight\">\n        button.frame = CGRectMake(20, 50, 100, 30)\n        button.setTitle(&quot;Crash&quot;, forState: UIControlState.Normal)\n        button.addTarget(self, action: &quot;crashButtonTapped:&quot;, forControlEvents: UIControlEvents.TouchUpInside)\n        view.addSubview(button)\n</span></a>    }\n\n<a href=\"#highlight-2\"><span class=\"copy-link-above \"><span class=\"highlight\">    @IBAction func crashButtonTapped(sender: AnyObject) {</span></span><span class=\"highlight\">\n        Crashlytics.sharedInstance().crash()\n    }\n</span></a>\n}\n</pre>\n\n\n  <span class=\"copy-link-preload\"></span>\n</body>\n</html>\n",
              "snippets": [
                "import Crashlytics\n",
                "        let button = UIButton(type: UIButtonType.RoundedRect)\n        button.frame = CGRectMake(20, 50, 100, 30)\n        button.setTitle(\"Crash\", forState: UIControlState.Normal)\n        button.addTarget(self, action: \"crashButtonTapped:\", forControlEvents: UIControlEvents.TouchUpInside)\n        view.addSubview(button)\n",
                "    @IBAction func crashButtonTapped(sender: AnyObject) {\n        Crashlytics.sharedInstance().crash()\n    }\n"
              ]
            }
          },
          "title": "Call the crash method"
        },
        {
          "languages": {
            "swift": {
              "html": "<!DOCTYPE html>\n<html>\n<head>\n  <meta charset=\"UTF-8\"/>\n\n  <title>Force a Crash — Step 2</title>\n  <link href='http://fonts.googleapis.com/css?family=Roboto:400,700italic,700,500italic,500,400italic,300italic,300,100italic,100' rel='stylesheet' type='text/css'>\n\n  <style type=\"text/css\">\n    .weight-thin {\n      font-family: 'Roboto Thin', 'Roboto-Thin', 'Roboto';\n      font-weight: 100;\n    }\n\n    .weight-light {\n      font-family: 'Roboto Light', 'Roboto-Light', 'Roboto';\n      font-weight: 300;\n    }\n\n    .weight-bold, b, strong, h4, .weight-light strong, .weight-light b {\n      font-family: 'Roboto-Bold', 'Roboto';\n      font-weight: bold;\n    }\n\n    body {\n      font-family: 'Roboto';\n      background-color: #fff;\n      color: #2e3345;\n      font-size: 14px;\n      margin: 0;\n      padding: 20px;\n    }\n\n    a {\n      text-decoration: none;\n    }\n\n    .step-title {\n      color: #9dacba;\n      text-transform: uppercase;\n      font-size: 12px;\n      line-height: 1;\n      margin: 0 0 8px 0;\n      letter-spacing: 1px;\n    }\n\n    .strike {\n      background-color: #ffb2b2;\n    }\n\n    .article {\n      margin: 10px 0;\n    }\n\n    .article p {\n      line-height: 1.5;\n      margin: 0 0 15px;\n    }\n\n    .article ul {\n      padding: 0 2em;\n      margin: 15px 0;\n    }\n\n    .article li {\n      line-height: 22px;\n      margin: 0 0 0.5em;\n    }\n\n    .article ul li {\n      padding: 0;\n      list-style-type: none;\n    }\n\n    .article ul li:before {\n      content: \"•\";\n      font-size: 160%;\n      line-height: 24px;\n      position: absolute;\n      margin-left: -0.65em;\n    }\n\n    .article a {\n      color: #4d92df;\n    }\n\n    .article a:hover {\n      color: #4d92df;\n      text-decoration: underline;\n    }\n\n    .article a:visited {\n      color: #4d92df;\n    }\n\n    .article img {\n      display: block;\n      margin: 0 auto;\n      max-width: 95%;\n      width: auto;\n    }\n\n    h1 {\n      margin: 0 0 20px;\n      font-size: 28px;\n      line-height: 1;\n    }\n\n    .android h1 {\n      font-family: 'Roboto-Thin';\n    }\n\n    h2 {\n      margin: 30px 0 10px 0;\n      font-size: 14px;\n    }\n\n    h3.step {\n      font-weight: bold;\n      color: #c0cedb;\n      margin-right: .5em;\n    }\n\n    h4 {\n      margin: 20px 0 5px;\n    }\n\n    pre {\n      font-size: 12px;\n      font-family: 'Menlo', 'Roboto Mono', monospace;\n      padding: 10px;\n      margin: 0 -10px;\n      background: #eff0f2;\n      color: #8b8b90;\n      line-height: 1.1;\n      overflow: hidden;\n    }\n\n    .highlight {\n      background-color: #bfd4eb;\n      color: #807b8f;\n      text-decoration: none;\n    }\n\n    a:hover .highlight {\n      background-color: #284861;\n      color: #c6c7c7;\n    }\n\n    a:active .highlight {\n      background-color: #284861;\n      color: #ddd;      \n    }\n\n    .copy-link-above {\n      padding-top: 36px;\n      position: relative;\n      background-position: top center;\n    }\n\n    .copy-link-above.left {\n      background-position: top left;\n      /* make sure we're wide enough for the whole image */\n      padding-right: 100px;\n      margin-right: -100px;\n    }\n\n    .copy-link-below {\n      padding-bottom: 36px;\n      position: relative;\n      background-position: bottom center;\n    }\n\n    .copy-link-below.left {\n      background-position: bottom left;\n      /* make sure we're wide enough for the whole image */\n      padding-right: 100px;\n      margin-right: -100px;\n    }\n\n    a:hover .copy-link-above, a:hover .copy-link-below, .copy-link-preload {\n      background-image: url(https://kits.fabric.io/assets/kft/click-to-copy.png);\n      background-repeat: no-repeat;\n      z-index: 1;\n    }\n\n    .navigation {\n      background-color: #fff;\n      position: fixed;\n      bottom: 0;\n      left: 0;\n      right: 0;\n      border-top: 1px solid #dfdfe8;\n      padding: 20px;\n    }\n\n    .navigation a {\n      color: #4d92df;\n      border: 1px solid #e5e5e5;\n      border-radius: 10px;\n      padding: 8px 12px;\n    }\n  </style>\n</head>\n<body class=\"weight-light\">\n  <div class=\"weight-bold step-title\">Step 2 of 2</div>\n  <h1 class=\"weight-thin\">Try it out!</h1>\n\n  <div class=\"article\">\n    <p>Crashlytics doesn’t capture crashes if a debugger is attached at launch, so\nto see the crash in action you'll need to follow these steps:</p>\n<ol>\n<li><strong>Run your app from Xcode</strong> to install it on the simulator or your device</li>\n<li><strong>Press the Stop button</strong> in Xcode to quit it</li>\n<li><strong>Launch your app from the home screen</strong> to run it without the debugger</li>\n<li><strong>Press the “Crash” button</strong> to trigger the crash</li>\n<li><strong>Run the app again</strong> from Xcode so it can deliver the recorded crash to Crashlytics</li>\n</ol>\n<p>Within a few minutes, you should see the crash appear on your <a href=\"https://fabric.io\">Fabric Dashboard</a>.</p>\n<h4>Not seeing a crash in the dashboard?</h4>\n<ul>\n<li>Double-check in your Build Settings that your <strong>Debug Information Format</strong> is\n“DWARF with dSYM File” for both Debug <em>and</em> Release</li>\n<li>Make sure to launch the app after crashing it, so that the crash can be uploaded</li>\n</ul>\n<p>If you don’t see the crash after a few minutes, run your app again to retry\ncrash delivery.</p>\n<h4>Next steps</h4>\n<p>You can have Crashlytics record user and logging data from the time of the crash to\nhelp you debug. Read our <a href=\"http://docs.fabric.io/ios/crashlytics/index.html\">iOS SDK documentation</a>\nfor more information.</p>\n<p>Don’t forget to take the forced crash out of your app before shipping!</p>\n\n  </div>\n\n\n\n  <span class=\"copy-link-preload\"></span>\n</body>\n</html>\n",
              "snippets": []
            },
            "objc": {
              "html": "<!DOCTYPE html>\n<html>\n<head>\n  <meta charset=\"UTF-8\"/>\n\n  <title>Force a Crash — Step 2</title>\n  <link href='http://fonts.googleapis.com/css?family=Roboto:400,700italic,700,500italic,500,400italic,300italic,300,100italic,100' rel='stylesheet' type='text/css'>\n\n  <style type=\"text/css\">\n    .weight-thin {\n      font-family: 'Roboto Thin', 'Roboto-Thin', 'Roboto';\n      font-weight: 100;\n    }\n\n    .weight-light {\n      font-family: 'Roboto Light', 'Roboto-Light', 'Roboto';\n      font-weight: 300;\n    }\n\n    .weight-bold, b, strong, h4, .weight-light strong, .weight-light b {\n      font-family: 'Roboto-Bold', 'Roboto';\n      font-weight: bold;\n    }\n\n    body {\n      font-family: 'Roboto';\n      background-color: #fff;\n      color: #2e3345;\n      font-size: 14px;\n      margin: 0;\n      padding: 20px;\n    }\n\n    a {\n      text-decoration: none;\n    }\n\n    .step-title {\n      color: #9dacba;\n      text-transform: uppercase;\n      font-size: 12px;\n      line-height: 1;\n      margin: 0 0 8px 0;\n      letter-spacing: 1px;\n    }\n\n    .strike {\n      background-color: #ffb2b2;\n    }\n\n    .article {\n      margin: 10px 0;\n    }\n\n    .article p {\n      line-height: 1.5;\n      margin: 0 0 15px;\n    }\n\n    .article ul {\n      padding: 0 2em;\n      margin: 15px 0;\n    }\n\n    .article li {\n      line-height: 22px;\n      margin: 0 0 0.5em;\n    }\n\n    .article ul li {\n      padding: 0;\n      list-style-type: none;\n    }\n\n    .article ul li:before {\n      content: \"•\";\n      font-size: 160%;\n      line-height: 24px;\n      position: absolute;\n      margin-left: -0.65em;\n    }\n\n    .article a {\n      color: #4d92df;\n    }\n\n    .article a:hover {\n      color: #4d92df;\n      text-decoration: underline;\n    }\n\n    .article a:visited {\n      color: #4d92df;\n    }\n\n    .article img {\n      display: block;\n      margin: 0 auto;\n      max-width: 95%;\n      width: auto;\n    }\n\n    h1 {\n      margin: 0 0 20px;\n      font-size: 28px;\n      line-height: 1;\n    }\n\n    .android h1 {\n      font-family: 'Roboto-Thin';\n    }\n\n    h2 {\n      margin: 30px 0 10px 0;\n      font-size: 14px;\n    }\n\n    h3.step {\n      font-weight: bold;\n      color: #c0cedb;\n      margin-right: .5em;\n    }\n\n    h4 {\n      margin: 20px 0 5px;\n    }\n\n    pre {\n      font-size: 12px;\n      font-family: 'Menlo', 'Roboto Mono', monospace;\n      padding: 10px;\n      margin: 0 -10px;\n      background: #eff0f2;\n      color: #8b8b90;\n      line-height: 1.1;\n      overflow: hidden;\n    }\n\n    .highlight {\n      background-color: #bfd4eb;\n      color: #807b8f;\n      text-decoration: none;\n    }\n\n    a:hover .highlight {\n      background-color: #284861;\n      color: #c6c7c7;\n    }\n\n    a:active .highlight {\n      background-color: #284861;\n      color: #ddd;      \n    }\n\n    .copy-link-above {\n      padding-top: 36px;\n      position: relative;\n      background-position: top center;\n    }\n\n    .copy-link-above.left {\n      background-position: top left;\n      /* make sure we're wide enough for the whole image */\n      padding-right: 100px;\n      margin-right: -100px;\n    }\n\n    .copy-link-below {\n      padding-bottom: 36px;\n      position: relative;\n      background-position: bottom center;\n    }\n\n    .copy-link-below.left {\n      background-position: bottom left;\n      /* make sure we're wide enough for the whole image */\n      padding-right: 100px;\n      margin-right: -100px;\n    }\n\n    a:hover .copy-link-above, a:hover .copy-link-below, .copy-link-preload {\n      background-image: url(https://kits.fabric.io/assets/kft/click-to-copy.png);\n      background-repeat: no-repeat;\n      z-index: 1;\n    }\n\n    .navigation {\n      background-color: #fff;\n      position: fixed;\n      bottom: 0;\n      left: 0;\n      right: 0;\n      border-top: 1px solid #dfdfe8;\n      padding: 20px;\n    }\n\n    .navigation a {\n      color: #4d92df;\n      border: 1px solid #e5e5e5;\n      border-radius: 10px;\n      padding: 8px 12px;\n    }\n  </style>\n</head>\n<body class=\"weight-light\">\n  <div class=\"weight-bold step-title\">Step 2 of 2</div>\n  <h1 class=\"weight-thin\">Try it out!</h1>\n\n  <div class=\"article\">\n    <p>Crashlytics doesn’t capture crashes if a debugger is attached at launch, so\nto see the crash in action you'll need to follow these steps:</p>\n<ol>\n<li><strong>Run your app from Xcode</strong> to install it on the simulator or your device</li>\n<li><strong>Press the Stop button</strong> in Xcode to quit it</li>\n<li><strong>Launch your app from the home screen</strong> to run it without the debugger</li>\n<li><strong>Press the “Crash” button</strong> to trigger the crash</li>\n<li><strong>Run the app again</strong> from Xcode so it can deliver the recorded crash to Crashlytics</li>\n</ol>\n<p>Within a few minutes, you should see the crash appear on your <a href=\"https://fabric.io\">Fabric Dashboard</a>.</p>\n<h4>Not seeing a crash in the dashboard?</h4>\n<ul>\n<li>Double-check in your Build Settings that your <strong>Debug Information Format</strong> is\n“DWARF with dSYM File” for both Debug <em>and</em> Release</li>\n<li>Make sure to launch the app after crashing it, so that the crash can be uploaded</li>\n</ul>\n<p>If you don’t see the crash after a few minutes, run your app again to retry\ncrash delivery.</p>\n<h4>Next steps</h4>\n<p>You can have Crashlytics record user and logging data from the time of the crash to\nhelp you debug. Read our <a href=\"http://docs.fabric.io/ios/crashlytics/index.html\">iOS SDK documentation</a>\nfor more information.</p>\n<p>Don’t forget to take the forced crash out of your app before shipping!</p>\n\n  </div>\n\n\n\n  <span class=\"copy-link-preload\"></span>\n</body>\n</html>\n",
              "snippets": []
            }
          },
          "title": "Try it out!"
        }
      ],
      "description": "Automatically distribute your app from the command line.",
      "name": "Distribute Beta Builds",
      "buttonTitle": "Get Started"
               
    },
    {
      "steps": [
        {
          "languages": {
            "swift": {
              "html": "<!DOCTYPE html>\n<html>\n<head>\n  <meta charset=\"UTF-8\"/>\n\n  <title>User Information — Step 1</title>\n  <link href='http://fonts.googleapis.com/css?family=Roboto:400,700italic,700,500italic,500,400italic,300italic,300,100italic,100' rel='stylesheet' type='text/css'>\n\n  <style type=\"text/css\">\n    .weight-thin {\n      font-family: 'Roboto Thin', 'Roboto-Thin', 'Roboto';\n      font-weight: 100;\n    }\n\n    .weight-light {\n      font-family: 'Roboto Light', 'Roboto-Light', 'Roboto';\n      font-weight: 300;\n    }\n\n    .weight-bold, b, strong, h4, .weight-light strong, .weight-light b {\n      font-family: 'Roboto-Bold', 'Roboto';\n      font-weight: bold;\n    }\n\n    body {\n      font-family: 'Roboto';\n      background-color: #fff;\n      color: #2e3345;\n      font-size: 14px;\n      margin: 0;\n      padding: 20px;\n    }\n\n    a {\n      text-decoration: none;\n    }\n\n    .step-title {\n      color: #9dacba;\n      text-transform: uppercase;\n      font-size: 12px;\n      line-height: 1;\n      margin: 0 0 8px 0;\n      letter-spacing: 1px;\n    }\n\n    .strike {\n      background-color: #ffb2b2;\n    }\n\n    .article {\n      margin: 10px 0;\n    }\n\n    .article p {\n      line-height: 1.5;\n      margin: 0 0 15px;\n    }\n\n    .article ul {\n      padding: 0 2em;\n      margin: 15px 0;\n    }\n\n    .article li {\n      line-height: 22px;\n      margin: 0 0 0.5em;\n    }\n\n    .article ul li {\n      padding: 0;\n      list-style-type: none;\n    }\n\n    .article ul li:before {\n      content: \"•\";\n      font-size: 160%;\n      line-height: 24px;\n      position: absolute;\n      margin-left: -0.65em;\n    }\n\n    .article a {\n      color: #4d92df;\n    }\n\n    .article a:hover {\n      color: #4d92df;\n      text-decoration: underline;\n    }\n\n    .article a:visited {\n      color: #4d92df;\n    }\n\n    .article img {\n      display: block;\n      margin: 0 auto;\n      max-width: 95%;\n      width: auto;\n    }\n\n    h1 {\n      margin: 0 0 20px;\n      font-size: 28px;\n      line-height: 1;\n    }\n\n    .android h1 {\n      font-family: 'Roboto-Thin';\n    }\n\n    h2 {\n      margin: 30px 0 10px 0;\n      font-size: 14px;\n    }\n\n    h3.step {\n      font-weight: bold;\n      color: #c0cedb;\n      margin-right: .5em;\n    }\n\n    h4 {\n      margin: 20px 0 5px;\n    }\n\n    pre {\n      font-size: 12px;\n      font-family: 'Menlo', 'Roboto Mono', monospace;\n      padding: 10px;\n      margin: 0 -10px;\n      background: #eff0f2;\n      color: #8b8b90;\n      line-height: 1.1;\n      overflow: hidden;\n    }\n\n    .highlight {\n      background-color: #bfd4eb;\n      color: #807b8f;\n      text-decoration: none;\n    }\n\n    a:hover .highlight {\n      background-color: #284861;\n      color: #c6c7c7;\n    }\n\n    a:active .highlight {\n      background-color: #284861;\n      color: #ddd;      \n    }\n\n    .copy-link-above {\n      padding-top: 36px;\n      position: relative;\n      background-position: top center;\n    }\n\n    .copy-link-above.left {\n      background-position: top left;\n      /* make sure we're wide enough for the whole image */\n      padding-right: 100px;\n      margin-right: -100px;\n    }\n\n    .copy-link-below {\n      padding-bottom: 36px;\n      position: relative;\n      background-position: bottom center;\n    }\n\n    .copy-link-below.left {\n      background-position: bottom left;\n      /* make sure we're wide enough for the whole image */\n      padding-right: 100px;\n      margin-right: -100px;\n    }\n\n    a:hover .copy-link-above, a:hover .copy-link-below, .copy-link-preload {\n      background-image: url(https://kits.fabric.io/assets/kft/click-to-copy.png);\n      background-repeat: no-repeat;\n      z-index: 1;\n    }\n\n    .navigation {\n      background-color: #fff;\n      position: fixed;\n      bottom: 0;\n      left: 0;\n      right: 0;\n      border-top: 1px solid #dfdfe8;\n      padding: 20px;\n    }\n\n    .navigation a {\n      color: #4d92df;\n      border: 1px solid #e5e5e5;\n      border-radius: 10px;\n      padding: 8px 12px;\n    }\n  </style>\n</head>\n<body class=\"weight-light\">\n  <div class=\"weight-bold step-title\">Step 1 of 2</div>\n  <h1 class=\"weight-thin\">Provide user info</h1>\n\n  <div class=\"article\">\n    <p>If you log user identifiers with the Crashlytics SDK while your app is running,\nwe will show them in crash reports on your dashboard to help you debug.</p>\n\n  </div>\n\n    <h2 class=\"weight-bold\">AppDelegate.swift</h2>\n\n    <pre>import UIKit\nimport Fabric\nimport Crashlytics\n\n@UIApplicationMain\nclass AppDelegate: UIResponder, UIApplicationDelegate {\n\n    func application(application: UIApplication, didFinishLaunchingWithOptions launchOptions: [NSObject: AnyObject]?) -&gt; Bool {\n        Fabric.with([Crashlytics()])\n<a href=\"#highlight-0\"><span class=\"copy-link-above \"><span class=\"highlight\">        // TODO: Move this to where you establish a user session</span></span><span class=\"highlight\">\n        self.logUser()\n</span></a>        return true\n    }\n\n<a href=\"#highlight-1\"><span class=\"copy-link-above \"><span class=\"highlight\">    func logUser() {</span></span><span class=\"highlight\">\n        // TODO: Use the current user&#39;s information\n        // You can call any combination of these three methods\n        Crashlytics.sharedInstance().setUserEmail(&quot;user@fabric.io&quot;)\n        Crashlytics.sharedInstance().setUserIdentifier(&quot;12345&quot;)\n        Crashlytics.sharedInstance().setUserName(&quot;Test User&quot;)\n    }\n</span></a>\n}\n</pre>\n\n\n  <span class=\"copy-link-preload\"></span>\n</body>\n</html>\n",
              "snippets": [
                "        // TODO: Move this to where you establish a user session\n        self.logUser()\n",
                "    func logUser() {\n        // TODO: Use the current user's information\n        // You can call any combination of these three methods\n        Crashlytics.sharedInstance().setUserEmail(\"user@fabric.io\")\n        Crashlytics.sharedInstance().setUserIdentifier(\"12345\")\n        Crashlytics.sharedInstance().setUserName(\"Test User\")\n    }\n"
              ]
            },
            "objc": {
              "html": "<!DOCTYPE html>\n<html>\n<head>\n  <meta charset=\"UTF-8\"/>\n\n  <title>User Information — Step 1</title>\n  <link href='http://fonts.googleapis.com/css?family=Roboto:400,700italic,700,500italic,500,400italic,300italic,300,100italic,100' rel='stylesheet' type='text/css'>\n\n  <style type=\"text/css\">\n    .weight-thin {\n      font-family: 'Roboto Thin', 'Roboto-Thin', 'Roboto';\n      font-weight: 100;\n    }\n\n    .weight-light {\n      font-family: 'Roboto Light', 'Roboto-Light', 'Roboto';\n      font-weight: 300;\n    }\n\n    .weight-bold, b, strong, h4, .weight-light strong, .weight-light b {\n      font-family: 'Roboto-Bold', 'Roboto';\n      font-weight: bold;\n    }\n\n    body {\n      font-family: 'Roboto';\n      background-color: #fff;\n      color: #2e3345;\n      font-size: 14px;\n      margin: 0;\n      padding: 20px;\n    }\n\n    a {\n      text-decoration: none;\n    }\n\n    .step-title {\n      color: #9dacba;\n      text-transform: uppercase;\n      font-size: 12px;\n      line-height: 1;\n      margin: 0 0 8px 0;\n      letter-spacing: 1px;\n    }\n\n    .strike {\n      background-color: #ffb2b2;\n    }\n\n    .article {\n      margin: 10px 0;\n    }\n\n    .article p {\n      line-height: 1.5;\n      margin: 0 0 15px;\n    }\n\n    .article ul {\n      padding: 0 2em;\n      margin: 15px 0;\n    }\n\n    .article li {\n      line-height: 22px;\n      margin: 0 0 0.5em;\n    }\n\n    .article ul li {\n      padding: 0;\n      list-style-type: none;\n    }\n\n    .article ul li:before {\n      content: \"•\";\n      font-size: 160%;\n      line-height: 24px;\n      position: absolute;\n      margin-left: -0.65em;\n    }\n\n    .article a {\n      color: #4d92df;\n    }\n\n    .article a:hover {\n      color: #4d92df;\n      text-decoration: underline;\n    }\n\n    .article a:visited {\n      color: #4d92df;\n    }\n\n    .article img {\n      display: block;\n      margin: 0 auto;\n      max-width: 95%;\n      width: auto;\n    }\n\n    h1 {\n      margin: 0 0 20px;\n      font-size: 28px;\n      line-height: 1;\n    }\n\n    .android h1 {\n      font-family: 'Roboto-Thin';\n    }\n\n    h2 {\n      margin: 30px 0 10px 0;\n      font-size: 14px;\n    }\n\n    h3.step {\n      font-weight: bold;\n      color: #c0cedb;\n      margin-right: .5em;\n    }\n\n    h4 {\n      margin: 20px 0 5px;\n    }\n\n    pre {\n      font-size: 12px;\n      font-family: 'Menlo', 'Roboto Mono', monospace;\n      padding: 10px;\n      margin: 0 -10px;\n      background: #eff0f2;\n      color: #8b8b90;\n      line-height: 1.1;\n      overflow: hidden;\n    }\n\n    .highlight {\n      background-color: #bfd4eb;\n      color: #807b8f;\n      text-decoration: none;\n    }\n\n    a:hover .highlight {\n      background-color: #284861;\n      color: #c6c7c7;\n    }\n\n    a:active .highlight {\n      background-color: #284861;\n      color: #ddd;      \n    }\n\n    .copy-link-above {\n      padding-top: 36px;\n      position: relative;\n      background-position: top center;\n    }\n\n    .copy-link-above.left {\n      background-position: top left;\n      /* make sure we're wide enough for the whole image */\n      padding-right: 100px;\n      margin-right: -100px;\n    }\n\n    .copy-link-below {\n      padding-bottom: 36px;\n      position: relative;\n      background-position: bottom center;\n    }\n\n    .copy-link-below.left {\n      background-position: bottom left;\n      /* make sure we're wide enough for the whole image */\n      padding-right: 100px;\n      margin-right: -100px;\n    }\n\n    a:hover .copy-link-above, a:hover .copy-link-below, .copy-link-preload {\n      background-image: url(https://kits.fabric.io/assets/kft/click-to-copy.png);\n      background-repeat: no-repeat;\n      z-index: 1;\n    }\n\n    .navigation {\n      background-color: #fff;\n      position: fixed;\n      bottom: 0;\n      left: 0;\n      right: 0;\n      border-top: 1px solid #dfdfe8;\n      padding: 20px;\n    }\n\n    .navigation a {\n      color: #4d92df;\n      border: 1px solid #e5e5e5;\n      border-radius: 10px;\n      padding: 8px 12px;\n    }\n  </style>\n</head>\n<body class=\"weight-light\">\n  <div class=\"weight-bold step-title\">Step 1 of 2</div>\n  <h1 class=\"weight-thin\">Provide user info</h1>\n\n  <div class=\"article\">\n    <p>If you log user identifiers with the Crashlytics SDK while your app is running,\nwe will show them in crash reports on your dashboard to help you debug.</p>\n\n  </div>\n\n    <h2 class=\"weight-bold\">AppDelegate.m</h2>\n\n    <pre>#import &quot;AppDelegate.h&quot;\n#import &lt;Fabric/Fabric.h&gt;\n#import &lt;Crashlytics/Crashlytics.h&gt;\n\n@implementation AppDelegate\n\n\n- (BOOL)application:(UIApplication *)application didFinishLaunchingWithOptions:(NSDictionary *)launchOptions {\n    // Override point for customization after application launch.\n    [Fabric with:@[[Crashlytics class]]];\n<a href=\"#highlight-0\"><span class=\"copy-link-above \"><span class=\"highlight\">    // TODO: Move this to where you establish a user session</span></span><span class=\"highlight\">\n    [self logUser];\n</span></a>    return YES;\n}\n\n<a href=\"#highlight-1\"><span class=\"copy-link-above \"><span class=\"highlight\">- (void) logUser {</span></span><span class=\"highlight\">\n    // TODO: Use the current user&#39;s information\n    // You can call any combination of these three methods\n    [CrashlyticsKit setUserIdentifier:@&quot;12345&quot;];\n    [CrashlyticsKit setUserEmail:@&quot;user@fabric.io&quot;];\n    [CrashlyticsKit setUserName:@&quot;Test User&quot;];\n}\n</span></a>\n@end\n</pre>\n\n\n  <span class=\"copy-link-preload\"></span>\n</body>\n</html>\n",
              "snippets": [
                "    // TODO: Move this to where you establish a user session\n    [self logUser];\n",
                "- (void) logUser {\n    // TODO: Use the current user's information\n    // You can call any combination of these three methods\n    [CrashlyticsKit setUserIdentifier:@\"12345\"];\n    [CrashlyticsKit setUserEmail:@\"user@fabric.io\"];\n    [CrashlyticsKit setUserName:@\"Test User\"];\n}\n"
              ]
            }
          },
          "title": "Provide user info"
        },
        {
          "languages": {
            "swift": {
              "html": "<!DOCTYPE html>\n<html>\n<head>\n  <meta charset=\"UTF-8\"/>\n\n  <title>User Information — Step 2</title>\n  <link href='http://fonts.googleapis.com/css?family=Roboto:400,700italic,700,500italic,500,400italic,300italic,300,100italic,100' rel='stylesheet' type='text/css'>\n\n  <style type=\"text/css\">\n    .weight-thin {\n      font-family: 'Roboto Thin', 'Roboto-Thin', 'Roboto';\n      font-weight: 100;\n    }\n\n    .weight-light {\n      font-family: 'Roboto Light', 'Roboto-Light', 'Roboto';\n      font-weight: 300;\n    }\n\n    .weight-bold, b, strong, h4, .weight-light strong, .weight-light b {\n      font-family: 'Roboto-Bold', 'Roboto';\n      font-weight: bold;\n    }\n\n    body {\n      font-family: 'Roboto';\n      background-color: #fff;\n      color: #2e3345;\n      font-size: 14px;\n      margin: 0;\n      padding: 20px;\n    }\n\n    a {\n      text-decoration: none;\n    }\n\n    .step-title {\n      color: #9dacba;\n      text-transform: uppercase;\n      font-size: 12px;\n      line-height: 1;\n      margin: 0 0 8px 0;\n      letter-spacing: 1px;\n    }\n\n    .strike {\n      background-color: #ffb2b2;\n    }\n\n    .article {\n      margin: 10px 0;\n    }\n\n    .article p {\n      line-height: 1.5;\n      margin: 0 0 15px;\n    }\n\n    .article ul {\n      padding: 0 2em;\n      margin: 15px 0;\n    }\n\n    .article li {\n      line-height: 22px;\n      margin: 0 0 0.5em;\n    }\n\n    .article ul li {\n      padding: 0;\n      list-style-type: none;\n    }\n\n    .article ul li:before {\n      content: \"•\";\n      font-size: 160%;\n      line-height: 24px;\n      position: absolute;\n      margin-left: -0.65em;\n    }\n\n    .article a {\n      color: #4d92df;\n    }\n\n    .article a:hover {\n      color: #4d92df;\n      text-decoration: underline;\n    }\n\n    .article a:visited {\n      color: #4d92df;\n    }\n\n    .article img {\n      display: block;\n      margin: 0 auto;\n      max-width: 95%;\n      width: auto;\n    }\n\n    h1 {\n      margin: 0 0 20px;\n      font-size: 28px;\n      line-height: 1;\n    }\n\n    .android h1 {\n      font-family: 'Roboto-Thin';\n    }\n\n    h2 {\n      margin: 30px 0 10px 0;\n      font-size: 14px;\n    }\n\n    h3.step {\n      font-weight: bold;\n      color: #c0cedb;\n      margin-right: .5em;\n    }\n\n    h4 {\n      margin: 20px 0 5px;\n    }\n\n    pre {\n      font-size: 12px;\n      font-family: 'Menlo', 'Roboto Mono', monospace;\n      padding: 10px;\n      margin: 0 -10px;\n      background: #eff0f2;\n      color: #8b8b90;\n      line-height: 1.1;\n      overflow: hidden;\n    }\n\n    .highlight {\n      background-color: #bfd4eb;\n      color: #807b8f;\n      text-decoration: none;\n    }\n\n    a:hover .highlight {\n      background-color: #284861;\n      color: #c6c7c7;\n    }\n\n    a:active .highlight {\n      background-color: #284861;\n      color: #ddd;      \n    }\n\n    .copy-link-above {\n      padding-top: 36px;\n      position: relative;\n      background-position: top center;\n    }\n\n    .copy-link-above.left {\n      background-position: top left;\n      /* make sure we're wide enough for the whole image */\n      padding-right: 100px;\n      margin-right: -100px;\n    }\n\n    .copy-link-below {\n      padding-bottom: 36px;\n      position: relative;\n      background-position: bottom center;\n    }\n\n    .copy-link-below.left {\n      background-position: bottom left;\n      /* make sure we're wide enough for the whole image */\n      padding-right: 100px;\n      margin-right: -100px;\n    }\n\n    a:hover .copy-link-above, a:hover .copy-link-below, .copy-link-preload {\n      background-image: url(https://kits.fabric.io/assets/kft/click-to-copy.png);\n      background-repeat: no-repeat;\n      z-index: 1;\n    }\n\n    .navigation {\n      background-color: #fff;\n      position: fixed;\n      bottom: 0;\n      left: 0;\n      right: 0;\n      border-top: 1px solid #dfdfe8;\n      padding: 20px;\n    }\n\n    .navigation a {\n      color: #4d92df;\n      border: 1px solid #e5e5e5;\n      border-radius: 10px;\n      padding: 8px 12px;\n    }\n  </style>\n</head>\n<body class=\"weight-light\">\n  <div class=\"weight-bold step-title\">Step 2 of 2</div>\n  <h1 class=\"weight-thin\">Try it out!</h1>\n\n  <div class=\"article\">\n    <p>Now when your app crashes you’ll see the user information you provide alongside\nthe stack trace and other device information.</p>\n<p>You can follow the <strong>Force a Crash</strong> tutorial to cause a crash to test this out.</p>\n<h4>Not seeing the user information?</h4>\n<p>Make sure to click the <strong>(More details…)</strong> link on an issue page to see a specific\ncrash report. Also double-check that your crash isn't happening before you log\nthe user information with the Crashlytics SDK.</p>\n<h4>Next steps</h4>\n<ul>\n<li>Switch from the test data to real user information</li>\n<li>Use <a href=\"https://docs.fabric.io/ios/crashlytics/enhanced-reports.html#custom-keys\">custom keys</a> and\n<a href=\"https://docs.fabric.io/ios/crashlytics/enhanced-reports.html#custom-logs\">custom logs</a> to\nrecord even more information with your crashes.</li>\n</ul>\n<p>Read our <a href=\"http://docs.fabric.io/ios/crashlytics/index.html\">iOS SDK documentation</a> to see everything\nyou can do with Crashlytics.</p>\n\n  </div>\n\n\n\n  <span class=\"copy-link-preload\"></span>\n</body>\n</html>\n",
              "snippets": []
            },
            "objc": {
              "html": "<!DOCTYPE html>\n<html>\n<head>\n  <meta charset=\"UTF-8\"/>\n\n  <title>User Information — Step 2</title>\n  <link href='http://fonts.googleapis.com/css?family=Roboto:400,700italic,700,500italic,500,400italic,300italic,300,100italic,100' rel='stylesheet' type='text/css'>\n\n  <style type=\"text/css\">\n    .weight-thin {\n      font-family: 'Roboto Thin', 'Roboto-Thin', 'Roboto';\n      font-weight: 100;\n    }\n\n    .weight-light {\n      font-family: 'Roboto Light', 'Roboto-Light', 'Roboto';\n      font-weight: 300;\n    }\n\n    .weight-bold, b, strong, h4, .weight-light strong, .weight-light b {\n      font-family: 'Roboto-Bold', 'Roboto';\n      font-weight: bold;\n    }\n\n    body {\n      font-family: 'Roboto';\n      background-color: #fff;\n      color: #2e3345;\n      font-size: 14px;\n      margin: 0;\n      padding: 20px;\n    }\n\n    a {\n      text-decoration: none;\n    }\n\n    .step-title {\n      color: #9dacba;\n      text-transform: uppercase;\n      font-size: 12px;\n      line-height: 1;\n      margin: 0 0 8px 0;\n      letter-spacing: 1px;\n    }\n\n    .strike {\n      background-color: #ffb2b2;\n    }\n\n    .article {\n      margin: 10px 0;\n    }\n\n    .article p {\n      line-height: 1.5;\n      margin: 0 0 15px;\n    }\n\n    .article ul {\n      padding: 0 2em;\n      margin: 15px 0;\n    }\n\n    .article li {\n      line-height: 22px;\n      margin: 0 0 0.5em;\n    }\n\n    .article ul li {\n      padding: 0;\n      list-style-type: none;\n    }\n\n    .article ul li:before {\n      content: \"•\";\n      font-size: 160%;\n      line-height: 24px;\n      position: absolute;\n      margin-left: -0.65em;\n    }\n\n    .article a {\n      color: #4d92df;\n    }\n\n    .article a:hover {\n      color: #4d92df;\n      text-decoration: underline;\n    }\n\n    .article a:visited {\n      color: #4d92df;\n    }\n\n    .article img {\n      display: block;\n      margin: 0 auto;\n      max-width: 95%;\n      width: auto;\n    }\n\n    h1 {\n      margin: 0 0 20px;\n      font-size: 28px;\n      line-height: 1;\n    }\n\n    .android h1 {\n      font-family: 'Roboto-Thin';\n    }\n\n    h2 {\n      margin: 30px 0 10px 0;\n      font-size: 14px;\n    }\n\n    h3.step {\n      font-weight: bold;\n      color: #c0cedb;\n      margin-right: .5em;\n    }\n\n    h4 {\n      margin: 20px 0 5px;\n    }\n\n    pre {\n      font-size: 12px;\n      font-family: 'Menlo', 'Roboto Mono', monospace;\n      padding: 10px;\n      margin: 0 -10px;\n      background: #eff0f2;\n      color: #8b8b90;\n      line-height: 1.1;\n      overflow: hidden;\n    }\n\n    .highlight {\n      background-color: #bfd4eb;\n      color: #807b8f;\n      text-decoration: none;\n    }\n\n    a:hover .highlight {\n      background-color: #284861;\n      color: #c6c7c7;\n    }\n\n    a:active .highlight {\n      background-color: #284861;\n      color: #ddd;      \n    }\n\n    .copy-link-above {\n      padding-top: 36px;\n      position: relative;\n      background-position: top center;\n    }\n\n    .copy-link-above.left {\n      background-position: top left;\n      /* make sure we're wide enough for the whole image */\n      padding-right: 100px;\n      margin-right: -100px;\n    }\n\n    .copy-link-below {\n      padding-bottom: 36px;\n      position: relative;\n      background-position: bottom center;\n    }\n\n    .copy-link-below.left {\n      background-position: bottom left;\n      /* make sure we're wide enough for the whole image */\n      padding-right: 100px;\n      margin-right: -100px;\n    }\n\n    a:hover .copy-link-above, a:hover .copy-link-below, .copy-link-preload {\n      background-image: url(https://kits.fabric.io/assets/kft/click-to-copy.png);\n      background-repeat: no-repeat;\n      z-index: 1;\n    }\n\n    .navigation {\n      background-color: #fff;\n      position: fixed;\n      bottom: 0;\n      left: 0;\n      right: 0;\n      border-top: 1px solid #dfdfe8;\n      padding: 20px;\n    }\n\n    .navigation a {\n      color: #4d92df;\n      border: 1px solid #e5e5e5;\n      border-radius: 10px;\n      padding: 8px 12px;\n    }\n  </style>\n</head>\n<body class=\"weight-light\">\n  <div class=\"weight-bold step-title\">Step 2 of 2</div>\n  <h1 class=\"weight-thin\">Try it out!</h1>\n\n  <div class=\"article\">\n    <p>Now when your app crashes you’ll see the user information you provide alongside\nthe stack trace and other device information.</p>\n<p>You can follow the <strong>Force a Crash</strong> tutorial to cause a crash to test this out.</p>\n<h4>Not seeing the user information?</h4>\n<p>Make sure to click the <strong>(More details…)</strong> link on an issue page to see a specific\ncrash report. Also double-check that your crash isn't happening before you log\nthe user information with the Crashlytics SDK.</p>\n<h4>Next steps</h4>\n<ul>\n<li>Switch from the test data to real user information</li>\n<li>Use <a href=\"https://docs.fabric.io/ios/crashlytics/enhanced-reports.html#custom-keys\">custom keys</a> and\n<a href=\"https://docs.fabric.io/ios/crashlytics/enhanced-reports.html#custom-logs\">custom logs</a> to\nrecord even more information with your crashes.</li>\n</ul>\n<p>Read our <a href=\"http://docs.fabric.io/ios/crashlytics/index.html\">iOS SDK documentation</a> to see everything\nyou can do with Crashlytics.</p>\n\n  </div>\n\n\n\n  <span class=\"copy-link-preload\"></span>\n</body>\n</html>\n",
              "snippets": []
            }
          },
          "title": "Try it out!"
        }
      ],
      "description": "Take screenshots of your localized app with snapshot.",
      "name": "Generate Screenshots"
    },
    {
      "steps": [
        {
          "languages": {
            "swift": {
              "html": "<!DOCTYPE html>\n<html>\n<head>\n  <meta charset=\"UTF-8\"/>\n\n  <title>User Information — Step 1</title>\n  <link href='http://fonts.googleapis.com/css?family=Roboto:400,700italic,700,500italic,500,400italic,300italic,300,100italic,100' rel='stylesheet' type='text/css'>\n\n  <style type=\"text/css\">\n    .weight-thin {\n      font-family: 'Roboto Thin', 'Roboto-Thin', 'Roboto';\n      font-weight: 100;\n    }\n\n    .weight-light {\n      font-family: 'Roboto Light', 'Roboto-Light', 'Roboto';\n      font-weight: 300;\n    }\n\n    .weight-bold, b, strong, h4, .weight-light strong, .weight-light b {\n      font-family: 'Roboto-Bold', 'Roboto';\n      font-weight: bold;\n    }\n\n    body {\n      font-family: 'Roboto';\n      background-color: #fff;\n      color: #2e3345;\n      font-size: 14px;\n      margin: 0;\n      padding: 20px;\n    }\n\n    a {\n      text-decoration: none;\n    }\n\n    .step-title {\n      color: #9dacba;\n      text-transform: uppercase;\n      font-size: 12px;\n      line-height: 1;\n      margin: 0 0 8px 0;\n      letter-spacing: 1px;\n    }\n\n    .strike {\n      background-color: #ffb2b2;\n    }\n\n    .article {\n      margin: 10px 0;\n    }\n\n    .article p {\n      line-height: 1.5;\n      margin: 0 0 15px;\n    }\n\n    .article ul {\n      padding: 0 2em;\n      margin: 15px 0;\n    }\n\n    .article li {\n      line-height: 22px;\n      margin: 0 0 0.5em;\n    }\n\n    .article ul li {\n      padding: 0;\n      list-style-type: none;\n    }\n\n    .article ul li:before {\n      content: \"•\";\n      font-size: 160%;\n      line-height: 24px;\n      position: absolute;\n      margin-left: -0.65em;\n    }\n\n    .article a {\n      color: #4d92df;\n    }\n\n    .article a:hover {\n      color: #4d92df;\n      text-decoration: underline;\n    }\n\n    .article a:visited {\n      color: #4d92df;\n    }\n\n    .article img {\n      display: block;\n      margin: 0 auto;\n      max-width: 95%;\n      width: auto;\n    }\n\n    h1 {\n      margin: 0 0 20px;\n      font-size: 28px;\n      line-height: 1;\n    }\n\n    .android h1 {\n      font-family: 'Roboto-Thin';\n    }\n\n    h2 {\n      margin: 30px 0 10px 0;\n      font-size: 14px;\n    }\n\n    h3.step {\n      font-weight: bold;\n      color: #c0cedb;\n      margin-right: .5em;\n    }\n\n    h4 {\n      margin: 20px 0 5px;\n    }\n\n    pre {\n      font-size: 12px;\n      font-family: 'Menlo', 'Roboto Mono', monospace;\n      padding: 10px;\n      margin: 0 -10px;\n      background: #eff0f2;\n      color: #8b8b90;\n      line-height: 1.1;\n      overflow: hidden;\n    }\n\n    .highlight {\n      background-color: #bfd4eb;\n      color: #807b8f;\n      text-decoration: none;\n    }\n\n    a:hover .highlight {\n      background-color: #284861;\n      color: #c6c7c7;\n    }\n\n    a:active .highlight {\n      background-color: #284861;\n      color: #ddd;      \n    }\n\n    .copy-link-above {\n      padding-top: 36px;\n      position: relative;\n      background-position: top center;\n    }\n\n    .copy-link-above.left {\n      background-position: top left;\n      /* make sure we're wide enough for the whole image */\n      padding-right: 100px;\n      margin-right: -100px;\n    }\n\n    .copy-link-below {\n      padding-bottom: 36px;\n      position: relative;\n      background-position: bottom center;\n    }\n\n    .copy-link-below.left {\n      background-position: bottom left;\n      /* make sure we're wide enough for the whole image */\n      padding-right: 100px;\n      margin-right: -100px;\n    }\n\n    a:hover .copy-link-above, a:hover .copy-link-below, .copy-link-preload {\n      background-image: url(https://kits.fabric.io/assets/kft/click-to-copy.png);\n      background-repeat: no-repeat;\n      z-index: 1;\n    }\n\n    .navigation {\n      background-color: #fff;\n      position: fixed;\n      bottom: 0;\n      left: 0;\n      right: 0;\n      border-top: 1px solid #dfdfe8;\n      padding: 20px;\n    }\n\n    .navigation a {\n      color: #4d92df;\n      border: 1px solid #e5e5e5;\n      border-radius: 10px;\n      padding: 8px 12px;\n    }\n  </style>\n</head>\n<body class=\"weight-light\">\n  <div class=\"weight-bold step-title\">Step 1 of 2</div>\n  <h1 class=\"weight-thin\">Provide user info</h1>\n\n  <div class=\"article\">\n    <p>If you log user identifiers with the Crashlytics SDK while your app is running,\nwe will show them in crash reports on your dashboard to help you debug.</p>\n\n  </div>\n\n    <h2 class=\"weight-bold\">AppDelegate.swift</h2>\n\n    <pre>import UIKit\nimport Fabric\nimport Crashlytics\n\n@UIApplicationMain\nclass AppDelegate: UIResponder, UIApplicationDelegate {\n\n    func application(application: UIApplication, didFinishLaunchingWithOptions launchOptions: [NSObject: AnyObject]?) -&gt; Bool {\n        Fabric.with([Crashlytics()])\n<a href=\"#highlight-0\"><span class=\"copy-link-above \"><span class=\"highlight\">        // TODO: Move this to where you establish a user session</span></span><span class=\"highlight\">\n        self.logUser()\n</span></a>        return true\n    }\n\n<a href=\"#highlight-1\"><span class=\"copy-link-above \"><span class=\"highlight\">    func logUser() {</span></span><span class=\"highlight\">\n        // TODO: Use the current user&#39;s information\n        // You can call any combination of these three methods\n        Crashlytics.sharedInstance().setUserEmail(&quot;user@fabric.io&quot;)\n        Crashlytics.sharedInstance().setUserIdentifier(&quot;12345&quot;)\n        Crashlytics.sharedInstance().setUserName(&quot;Test User&quot;)\n    }\n</span></a>\n}\n</pre>\n\n\n  <span class=\"copy-link-preload\"></span>\n</body>\n</html>\n",
              "snippets": [
                "        // TODO: Move this to where you establish a user session\n        self.logUser()\n",
                "    func logUser() {\n        // TODO: Use the current user's information\n        // You can call any combination of these three methods\n        Crashlytics.sharedInstance().setUserEmail(\"user@fabric.io\")\n        Crashlytics.sharedInstance().setUserIdentifier(\"12345\")\n        Crashlytics.sharedInstance().setUserName(\"Test User\")\n    }\n"
              ]
            },
            "objc": {
              "html": "<!DOCTYPE html>\n<html>\n<head>\n  <meta charset=\"UTF-8\"/>\n\n  <title>User Information — Step 1</title>\n  <link href='http://fonts.googleapis.com/css?family=Roboto:400,700italic,700,500italic,500,400italic,300italic,300,100italic,100' rel='stylesheet' type='text/css'>\n\n  <style type=\"text/css\">\n    .weight-thin {\n      font-family: 'Roboto Thin', 'Roboto-Thin', 'Roboto';\n      font-weight: 100;\n    }\n\n    .weight-light {\n      font-family: 'Roboto Light', 'Roboto-Light', 'Roboto';\n      font-weight: 300;\n    }\n\n    .weight-bold, b, strong, h4, .weight-light strong, .weight-light b {\n      font-family: 'Roboto-Bold', 'Roboto';\n      font-weight: bold;\n    }\n\n    body {\n      font-family: 'Roboto';\n      background-color: #fff;\n      color: #2e3345;\n      font-size: 14px;\n      margin: 0;\n      padding: 20px;\n    }\n\n    a {\n      text-decoration: none;\n    }\n\n    .step-title {\n      color: #9dacba;\n      text-transform: uppercase;\n      font-size: 12px;\n      line-height: 1;\n      margin: 0 0 8px 0;\n      letter-spacing: 1px;\n    }\n\n    .strike {\n      background-color: #ffb2b2;\n    }\n\n    .article {\n      margin: 10px 0;\n    }\n\n    .article p {\n      line-height: 1.5;\n      margin: 0 0 15px;\n    }\n\n    .article ul {\n      padding: 0 2em;\n      margin: 15px 0;\n    }\n\n    .article li {\n      line-height: 22px;\n      margin: 0 0 0.5em;\n    }\n\n    .article ul li {\n      padding: 0;\n      list-style-type: none;\n    }\n\n    .article ul li:before {\n      content: \"•\";\n      font-size: 160%;\n      line-height: 24px;\n      position: absolute;\n      margin-left: -0.65em;\n    }\n\n    .article a {\n      color: #4d92df;\n    }\n\n    .article a:hover {\n      color: #4d92df;\n      text-decoration: underline;\n    }\n\n    .article a:visited {\n      color: #4d92df;\n    }\n\n    .article img {\n      display: block;\n      margin: 0 auto;\n      max-width: 95%;\n      width: auto;\n    }\n\n    h1 {\n      margin: 0 0 20px;\n      font-size: 28px;\n      line-height: 1;\n    }\n\n    .android h1 {\n      font-family: 'Roboto-Thin';\n    }\n\n    h2 {\n      margin: 30px 0 10px 0;\n      font-size: 14px;\n    }\n\n    h3.step {\n      font-weight: bold;\n      color: #c0cedb;\n      margin-right: .5em;\n    }\n\n    h4 {\n      margin: 20px 0 5px;\n    }\n\n    pre {\n      font-size: 12px;\n      font-family: 'Menlo', 'Roboto Mono', monospace;\n      padding: 10px;\n      margin: 0 -10px;\n      background: #eff0f2;\n      color: #8b8b90;\n      line-height: 1.1;\n      overflow: hidden;\n    }\n\n    .highlight {\n      background-color: #bfd4eb;\n      color: #807b8f;\n      text-decoration: none;\n    }\n\n    a:hover .highlight {\n      background-color: #284861;\n      color: #c6c7c7;\n    }\n\n    a:active .highlight {\n      background-color: #284861;\n      color: #ddd;      \n    }\n\n    .copy-link-above {\n      padding-top: 36px;\n      position: relative;\n      background-position: top center;\n    }\n\n    .copy-link-above.left {\n      background-position: top left;\n      /* make sure we're wide enough for the whole image */\n      padding-right: 100px;\n      margin-right: -100px;\n    }\n\n    .copy-link-below {\n      padding-bottom: 36px;\n      position: relative;\n      background-position: bottom center;\n    }\n\n    .copy-link-below.left {\n      background-position: bottom left;\n      /* make sure we're wide enough for the whole image */\n      padding-right: 100px;\n      margin-right: -100px;\n    }\n\n    a:hover .copy-link-above, a:hover .copy-link-below, .copy-link-preload {\n      background-image: url(https://kits.fabric.io/assets/kft/click-to-copy.png);\n      background-repeat: no-repeat;\n      z-index: 1;\n    }\n\n    .navigation {\n      background-color: #fff;\n      position: fixed;\n      bottom: 0;\n      left: 0;\n      right: 0;\n      border-top: 1px solid #dfdfe8;\n      padding: 20px;\n    }\n\n    .navigation a {\n      color: #4d92df;\n      border: 1px solid #e5e5e5;\n      border-radius: 10px;\n      padding: 8px 12px;\n    }\n  </style>\n</head>\n<body class=\"weight-light\">\n  <div class=\"weight-bold step-title\">Step 1 of 2</div>\n  <h1 class=\"weight-thin\">Provide user info</h1>\n\n  <div class=\"article\">\n    <p>If you log user identifiers with the Crashlytics SDK while your app is running,\nwe will show them in crash reports on your dashboard to help you debug.</p>\n\n  </div>\n\n    <h2 class=\"weight-bold\">AppDelegate.m</h2>\n\n    <pre>#import &quot;AppDelegate.h&quot;\n#import &lt;Fabric/Fabric.h&gt;\n#import &lt;Crashlytics/Crashlytics.h&gt;\n\n@implementation AppDelegate\n\n\n- (BOOL)application:(UIApplication *)application didFinishLaunchingWithOptions:(NSDictionary *)launchOptions {\n    // Override point for customization after application launch.\n    [Fabric with:@[[Crashlytics class]]];\n<a href=\"#highlight-0\"><span class=\"copy-link-above \"><span class=\"highlight\">    // TODO: Move this to where you establish a user session</span></span><span class=\"highlight\">\n    [self logUser];\n</span></a>    return YES;\n}\n\n<a href=\"#highlight-1\"><span class=\"copy-link-above \"><span class=\"highlight\">- (void) logUser {</span></span><span class=\"highlight\">\n    // TODO: Use the current user&#39;s information\n    // You can call any combination of these three methods\n    [CrashlyticsKit setUserIdentifier:@&quot;12345&quot;];\n    [CrashlyticsKit setUserEmail:@&quot;user@fabric.io&quot;];\n    [CrashlyticsKit setUserName:@&quot;Test User&quot;];\n}\n</span></a>\n@end\n</pre>\n\n\n  <span class=\"copy-link-preload\"></span>\n</body>\n</html>\n",
              "snippets": [
                "    // TODO: Move this to where you establish a user session\n    [self logUser];\n",
                "- (void) logUser {\n    // TODO: Use the current user's information\n    // You can call any combination of these three methods\n    [CrashlyticsKit setUserIdentifier:@\"12345\"];\n    [CrashlyticsKit setUserEmail:@\"user@fabric.io\"];\n    [CrashlyticsKit setUserName:@\"Test User\"];\n}\n"
              ]
            }
          },
          "title": "Provide user info"
        },
        {
          "languages": {
            "swift": {
              "html": "<!DOCTYPE html>\n<html>\n<head>\n  <meta charset=\"UTF-8\"/>\n\n  <title>User Information — Step 2</title>\n  <link href='http://fonts.googleapis.com/css?family=Roboto:400,700italic,700,500italic,500,400italic,300italic,300,100italic,100' rel='stylesheet' type='text/css'>\n\n  <style type=\"text/css\">\n    .weight-thin {\n      font-family: 'Roboto Thin', 'Roboto-Thin', 'Roboto';\n      font-weight: 100;\n    }\n\n    .weight-light {\n      font-family: 'Roboto Light', 'Roboto-Light', 'Roboto';\n      font-weight: 300;\n    }\n\n    .weight-bold, b, strong, h4, .weight-light strong, .weight-light b {\n      font-family: 'Roboto-Bold', 'Roboto';\n      font-weight: bold;\n    }\n\n    body {\n      font-family: 'Roboto';\n      background-color: #fff;\n      color: #2e3345;\n      font-size: 14px;\n      margin: 0;\n      padding: 20px;\n    }\n\n    a {\n      text-decoration: none;\n    }\n\n    .step-title {\n      color: #9dacba;\n      text-transform: uppercase;\n      font-size: 12px;\n      line-height: 1;\n      margin: 0 0 8px 0;\n      letter-spacing: 1px;\n    }\n\n    .strike {\n      background-color: #ffb2b2;\n    }\n\n    .article {\n      margin: 10px 0;\n    }\n\n    .article p {\n      line-height: 1.5;\n      margin: 0 0 15px;\n    }\n\n    .article ul {\n      padding: 0 2em;\n      margin: 15px 0;\n    }\n\n    .article li {\n      line-height: 22px;\n      margin: 0 0 0.5em;\n    }\n\n    .article ul li {\n      padding: 0;\n      list-style-type: none;\n    }\n\n    .article ul li:before {\n      content: \"•\";\n      font-size: 160%;\n      line-height: 24px;\n      position: absolute;\n      margin-left: -0.65em;\n    }\n\n    .article a {\n      color: #4d92df;\n    }\n\n    .article a:hover {\n      color: #4d92df;\n      text-decoration: underline;\n    }\n\n    .article a:visited {\n      color: #4d92df;\n    }\n\n    .article img {\n      display: block;\n      margin: 0 auto;\n      max-width: 95%;\n      width: auto;\n    }\n\n    h1 {\n      margin: 0 0 20px;\n      font-size: 28px;\n      line-height: 1;\n    }\n\n    .android h1 {\n      font-family: 'Roboto-Thin';\n    }\n\n    h2 {\n      margin: 30px 0 10px 0;\n      font-size: 14px;\n    }\n\n    h3.step {\n      font-weight: bold;\n      color: #c0cedb;\n      margin-right: .5em;\n    }\n\n    h4 {\n      margin: 20px 0 5px;\n    }\n\n    pre {\n      font-size: 12px;\n      font-family: 'Menlo', 'Roboto Mono', monospace;\n      padding: 10px;\n      margin: 0 -10px;\n      background: #eff0f2;\n      color: #8b8b90;\n      line-height: 1.1;\n      overflow: hidden;\n    }\n\n    .highlight {\n      background-color: #bfd4eb;\n      color: #807b8f;\n      text-decoration: none;\n    }\n\n    a:hover .highlight {\n      background-color: #284861;\n      color: #c6c7c7;\n    }\n\n    a:active .highlight {\n      background-color: #284861;\n      color: #ddd;      \n    }\n\n    .copy-link-above {\n      padding-top: 36px;\n      position: relative;\n      background-position: top center;\n    }\n\n    .copy-link-above.left {\n      background-position: top left;\n      /* make sure we're wide enough for the whole image */\n      padding-right: 100px;\n      margin-right: -100px;\n    }\n\n    .copy-link-below {\n      padding-bottom: 36px;\n      position: relative;\n      background-position: bottom center;\n    }\n\n    .copy-link-below.left {\n      background-position: bottom left;\n      /* make sure we're wide enough for the whole image */\n      padding-right: 100px;\n      margin-right: -100px;\n    }\n\n    a:hover .copy-link-above, a:hover .copy-link-below, .copy-link-preload {\n      background-image: url(https://kits.fabric.io/assets/kft/click-to-copy.png);\n      background-repeat: no-repeat;\n      z-index: 1;\n    }\n\n    .navigation {\n      background-color: #fff;\n      position: fixed;\n      bottom: 0;\n      left: 0;\n      right: 0;\n      border-top: 1px solid #dfdfe8;\n      padding: 20px;\n    }\n\n    .navigation a {\n      color: #4d92df;\n      border: 1px solid #e5e5e5;\n      border-radius: 10px;\n      padding: 8px 12px;\n    }\n  </style>\n</head>\n<body class=\"weight-light\">\n  <div class=\"weight-bold step-title\">Step 2 of 2</div>\n  <h1 class=\"weight-thin\">Try it out!</h1>\n\n  <div class=\"article\">\n    <p>Now when your app crashes you’ll see the user information you provide alongside\nthe stack trace and other device information.</p>\n<p>You can follow the <strong>Force a Crash</strong> tutorial to cause a crash to test this out.</p>\n<h4>Not seeing the user information?</h4>\n<p>Make sure to click the <strong>(More details…)</strong> link on an issue page to see a specific\ncrash report. Also double-check that your crash isn't happening before you log\nthe user information with the Crashlytics SDK.</p>\n<h4>Next steps</h4>\n<ul>\n<li>Switch from the test data to real user information</li>\n<li>Use <a href=\"https://docs.fabric.io/ios/crashlytics/enhanced-reports.html#custom-keys\">custom keys</a> and\n<a href=\"https://docs.fabric.io/ios/crashlytics/enhanced-reports.html#custom-logs\">custom logs</a> to\nrecord even more information with your crashes.</li>\n</ul>\n<p>Read our <a href=\"http://docs.fabric.io/ios/crashlytics/index.html\">iOS SDK documentation</a> to see everything\nyou can do with Crashlytics.</p>\n\n  </div>\n\n\n\n  <span class=\"copy-link-preload\"></span>\n</body>\n</html>\n",
              "snippets": []
            },
            "objc": {
              "html": "<!DOCTYPE html>\n<html>\n<head>\n  <meta charset=\"UTF-8\"/>\n\n  <title>User Information — Step 2</title>\n  <link href='http://fonts.googleapis.com/css?family=Roboto:400,700italic,700,500italic,500,400italic,300italic,300,100italic,100' rel='stylesheet' type='text/css'>\n\n  <style type=\"text/css\">\n    .weight-thin {\n      font-family: 'Roboto Thin', 'Roboto-Thin', 'Roboto';\n      font-weight: 100;\n    }\n\n    .weight-light {\n      font-family: 'Roboto Light', 'Roboto-Light', 'Roboto';\n      font-weight: 300;\n    }\n\n    .weight-bold, b, strong, h4, .weight-light strong, .weight-light b {\n      font-family: 'Roboto-Bold', 'Roboto';\n      font-weight: bold;\n    }\n\n    body {\n      font-family: 'Roboto';\n      background-color: #fff;\n      color: #2e3345;\n      font-size: 14px;\n      margin: 0;\n      padding: 20px;\n    }\n\n    a {\n      text-decoration: none;\n    }\n\n    .step-title {\n      color: #9dacba;\n      text-transform: uppercase;\n      font-size: 12px;\n      line-height: 1;\n      margin: 0 0 8px 0;\n      letter-spacing: 1px;\n    }\n\n    .strike {\n      background-color: #ffb2b2;\n    }\n\n    .article {\n      margin: 10px 0;\n    }\n\n    .article p {\n      line-height: 1.5;\n      margin: 0 0 15px;\n    }\n\n    .article ul {\n      padding: 0 2em;\n      margin: 15px 0;\n    }\n\n    .article li {\n      line-height: 22px;\n      margin: 0 0 0.5em;\n    }\n\n    .article ul li {\n      padding: 0;\n      list-style-type: none;\n    }\n\n    .article ul li:before {\n      content: \"•\";\n      font-size: 160%;\n      line-height: 24px;\n      position: absolute;\n      margin-left: -0.65em;\n    }\n\n    .article a {\n      color: #4d92df;\n    }\n\n    .article a:hover {\n      color: #4d92df;\n      text-decoration: underline;\n    }\n\n    .article a:visited {\n      color: #4d92df;\n    }\n\n    .article img {\n      display: block;\n      margin: 0 auto;\n      max-width: 95%;\n      width: auto;\n    }\n\n    h1 {\n      margin: 0 0 20px;\n      font-size: 28px;\n      line-height: 1;\n    }\n\n    .android h1 {\n      font-family: 'Roboto-Thin';\n    }\n\n    h2 {\n      margin: 30px 0 10px 0;\n      font-size: 14px;\n    }\n\n    h3.step {\n      font-weight: bold;\n      color: #c0cedb;\n      margin-right: .5em;\n    }\n\n    h4 {\n      margin: 20px 0 5px;\n    }\n\n    pre {\n      font-size: 12px;\n      font-family: 'Menlo', 'Roboto Mono', monospace;\n      padding: 10px;\n      margin: 0 -10px;\n      background: #eff0f2;\n      color: #8b8b90;\n      line-height: 1.1;\n      overflow: hidden;\n    }\n\n    .highlight {\n      background-color: #bfd4eb;\n      color: #807b8f;\n      text-decoration: none;\n    }\n\n    a:hover .highlight {\n      background-color: #284861;\n      color: #c6c7c7;\n    }\n\n    a:active .highlight {\n      background-color: #284861;\n      color: #ddd;      \n    }\n\n    .copy-link-above {\n      padding-top: 36px;\n      position: relative;\n      background-position: top center;\n    }\n\n    .copy-link-above.left {\n      background-position: top left;\n      /* make sure we're wide enough for the whole image */\n      padding-right: 100px;\n      margin-right: -100px;\n    }\n\n    .copy-link-below {\n      padding-bottom: 36px;\n      position: relative;\n      background-position: bottom center;\n    }\n\n    .copy-link-below.left {\n      background-position: bottom left;\n      /* make sure we're wide enough for the whole image */\n      padding-right: 100px;\n      margin-right: -100px;\n    }\n\n    a:hover .copy-link-above, a:hover .copy-link-below, .copy-link-preload {\n      background-image: url(https://kits.fabric.io/assets/kft/click-to-copy.png);\n      background-repeat: no-repeat;\n      z-index: 1;\n    }\n\n    .navigation {\n      background-color: #fff;\n      position: fixed;\n      bottom: 0;\n      left: 0;\n      right: 0;\n      border-top: 1px solid #dfdfe8;\n      padding: 20px;\n    }\n\n    .navigation a {\n      color: #4d92df;\n      border: 1px solid #e5e5e5;\n      border-radius: 10px;\n      padding: 8px 12px;\n    }\n  </style>\n</head>\n<body class=\"weight-light\">\n  <div class=\"weight-bold step-title\">Step 2 of 2</div>\n  <h1 class=\"weight-thin\">Try it out!</h1>\n\n  <div class=\"article\">\n    <p>Now when your app crashes you’ll see the user information you provide alongside\nthe stack trace and other device information.</p>\n<p>You can follow the <strong>Force a Crash</strong> tutorial to cause a crash to test this out.</p>\n<h4>Not seeing the user information?</h4>\n<p>Make sure to click the <strong>(More details…)</strong> link on an issue page to see a specific\ncrash report. Also double-check that your crash isn't happening before you log\nthe user information with the Crashlytics SDK.</p>\n<h4>Next steps</h4>\n<ul>\n<li>Switch from the test data to real user information</li>\n<li>Use <a href=\"https://docs.fabric.io/ios/crashlytics/enhanced-reports.html#custom-keys\">custom keys</a> and\n<a href=\"https://docs.fabric.io/ios/crashlytics/enhanced-reports.html#custom-logs\">custom logs</a> to\nrecord even more information with your crashes.</li>\n</ul>\n<p>Read our <a href=\"http://docs.fabric.io/ios/crashlytics/index.html\">iOS SDK documentation</a> to see everything\nyou can do with Crashlytics.</p>\n\n  </div>\n\n\n\n  <span class=\"copy-link-preload\"></span>\n</body>\n</html>\n",
              "snippets": []
            }
          },
          "title": "Try it out!"
        }
      ],
      "description": "Submit your app to iTunesConnect.",
      "name": "Release Your App"
    }
  ]
}